id,nivel,name,description
"codigo_agrupador_100","","100","Activo"
"codigo_agrupador_100_01","","100.01","Activo a corto plazo"
"codigo_agrupador_101","1","101","Caja"
"codigo_agrupador_101_01","2","101.01","Caja y efectivo"
"codigo_agrupador_102","1","102","Bancos"
"codigo_agrupador_102_01","2","102.01","Bancos nacionales"
"codigo_agrupador_102_02","2","102.02","Bancos extranjeros"
"codigo_agrupador_103","1","103","Inversiones"
"codigo_agrupador_103_01","2","103.01","Inversiones temporales"
"codigo_agrupador_103_02","2","103.02","Inversiones en fideicomisos"
"codigo_agrupador_103_03","2","103.03","Otras inversiones"
"codigo_agrupador_104","1","104","Otros instrumentos financieros"
"codigo_agrupador_104_01","2","104.01","Otros instrumentos financieros"
"codigo_agrupador_105","1","105","Clientes"
"codigo_agrupador_105_01","2","105.01","Clientes nacionales"
"codigo_agrupador_105_02","2","105.02","Clientes extranjeros"
"codigo_agrupador_105_03","2","105.03","Clientes nacionales parte relacionada"
"codigo_agrupador_105_04","2","105.04","Clientes extranjeros parte relacionada"
"codigo_agrupador_106","1","106","Cuentas y documentos por cobrar a corto plazo"
"codigo_agrupador_106_01","2","106.01","Cuentas y documentos por cobrar a corto plazo nacional"
"codigo_agrupador_106_02","2","106.02","Cuentas y documentos por cobrar a corto plazo extranjero"
"codigo_agrupador_106_03","2","106.03","Cuentas y documentos por cobrar a corto plazo nacional parte relacionada"
"codigo_agrupador_106_04","2","106.04","Cuentas y documentos por cobrar a corto plazo extranjero parte relacionada"
"codigo_agrupador_106_05","2","106.05","Intereses por cobrar a corto plazo nacional"
"codigo_agrupador_106_06","2","106.06","Intereses por cobrar a corto plazo extranjero"
"codigo_agrupador_106_07","2","106.07","Intereses por cobrar a corto plazo nacional parte relacionada"
"codigo_agrupador_106_08","2","106.08","Intereses por cobrar a corto plazo extranjero parte relacionada"
"codigo_agrupador_106_09","2","106.09","Otras cuentas y documentos por cobrar a corto plazo"
"codigo_agrupador_106_10","2","106.10","Otras cuentas y documentos por cobrar a corto plazo parte relacionada"
"codigo_agrupador_107","1","107","Deudores diversos"
"codigo_agrupador_107_01","2","107.01","Funcionarios y empleados"
"codigo_agrupador_107_02","2","107.02","Socios y accionistas"
"codigo_agrupador_107_03","2","107.03","Partes relacionadas nacionales"
"codigo_agrupador_107_04","2","107.04","Partes relacionadas extranjeros"
"codigo_agrupador_107_05","2","107.05","Otros deudores diversos"
"codigo_agrupador_108","1","108","Estimación de cuentas incobrables"
"codigo_agrupador_108_01","2","108.01","Estimación de cuentas incobrables nacional"
"codigo_agrupador_108_02","2","108.02","Estimación de cuentas incobrables extranjero"
"codigo_agrupador_108_03","2","108.03","Estimación de cuentas incobrables nacional parte relacionada"
"codigo_agrupador_108_04","2","108.04","Estimación de cuentas incobrables extranjero parte relacionada"
"codigo_agrupador_109","1","109","Pagos anticipados"
"codigo_agrupador_109_01","2","109.01","Seguros y fianzas pagados por anticipado nacional"
"codigo_agrupador_109_02","2","109.02","Seguros y fianzas pagados por anticipado extranjero"
"codigo_agrupador_109_03","2","109.03","Seguros y fianzas pagados por anticipado nacional parte relacionada"
"codigo_agrupador_109_04","2","109.04","Seguros y fianzas pagados por anticipado extranjero parte relacionada"
"codigo_agrupador_109_05","2","109.05","Rentas pagados por anticipado nacional"
"codigo_agrupador_109_06","2","109.06","Rentas pagados por anticipado extranjero"
"codigo_agrupador_109_07","2","109.07","Rentas pagados por anticipado nacional parte relacionada"
"codigo_agrupador_109_08","2","109.08","Rentas pagados por anticipado extranjero parte relacionada"
"codigo_agrupador_109_09","2","109.09","Intereses pagados por anticipado nacional"
"codigo_agrupador_109_10","2","109.10","Intereses pagados por anticipado extranjero"
"codigo_agrupador_109_11","2","109.11","Intereses pagados por anticipado nacional parte relacionada"
"codigo_agrupador_109_12","2","109.12","Intereses pagados por anticipado extranjero parte relacionada"
"codigo_agrupador_109_13","2","109.13","Factoraje financiero pagados por anticipado nacional"
"codigo_agrupador_109_14","2","109.14","Factoraje financiero pagados por anticipado extranjero"
"codigo_agrupador_109_15","2","109.15","Factoraje financiero pagados por anticipado nacional parte relacionada"
"codigo_agrupador_109_16","2","109.16","Factoraje financiero pagados por anticipado extranjero parte relacionada"
"codigo_agrupador_109_17","2","109.17","Arrendamiento financiero pagados por anticipado nacional"
"codigo_agrupador_109_18","2","109.18","Arrendamiento financiero pagados por anticipado extranjero"
"codigo_agrupador_109_19","2","109.19","Arrendamiento financiero pagados por anticipado nacional parte relacionada"
"codigo_agrupador_109_20","2","109.20","Arrendamiento financiero pagados por anticipado extranjero parte relacionada"
"codigo_agrupador_109_21","2","109.21","Pérdida por deterioro de pagos anticipados"
"codigo_agrupador_109_22","2","109.22","Derechos fiduciarios"
"codigo_agrupador_109_23","2","109.23","Otros pagos anticipados"
"codigo_agrupador_110","1","110","Subsidio al empleo por aplicar"
"codigo_agrupador_110_01","2","110.01","Subsidio al empleo por aplicar"
"codigo_agrupador_111","1","111","Crédito al diesel por acreditar"
"codigo_agrupador_111_01","2","111.01","Crédito al diesel por acreditar"
"codigo_agrupador_112","1","112","Otros estímulos"
"codigo_agrupador_112_01","2","112.01","Otros estímulos"
"codigo_agrupador_113","1","113","Impuestos a favor"
"codigo_agrupador_113_01","2","113.01","IVA a favor"
"codigo_agrupador_113_02","2","113.02","ISR a favor"
"codigo_agrupador_113_03","2","113.03","IETU a favor"
"codigo_agrupador_113_04","2","113.04","IDE a favor"
"codigo_agrupador_113_05","2","113.05","IA a favor"
"codigo_agrupador_113_06","2","113.06","Subsidio al empleo"
"codigo_agrupador_113_07","2","113.07","Pago de lo indebido"
"codigo_agrupador_113_08","2","113.08","Otros impuestos a favor"
"codigo_agrupador_114","1","114","Pagos provisionales"
"codigo_agrupador_114_01","2","114.01","Pagos provisionales de ISR"
"codigo_agrupador_115","1","115","Inventario"
"codigo_agrupador_115_01","2","115.01","Inventario"
"codigo_agrupador_115_02","2","115.02","Materia prima y materiales"
"codigo_agrupador_115_03","2","115.03","Producción en proceso"
"codigo_agrupador_115_04","2","115.04","Productos terminados"
"codigo_agrupador_115_05","2","115.05","Mercancías en tránsito"
"codigo_agrupador_115_06","2","115.06","Mercancías en poder de terceros"
"codigo_agrupador_115_07","2","115.07","Otros"
"codigo_agrupador_116","1","116","Estimación de inventarios obsoletos y de lento movimiento"
"codigo_agrupador_116_01","2","116.01","Estimación de inventarios obsoletos y de lento movimiento"
"codigo_agrupador_117","1","117","Obras en proceso de inmuebles"
"codigo_agrupador_117_01","2","117.01","Obras en proceso de inmuebles"
"codigo_agrupador_118","1","118","Impuestos acreditables pagados"
"codigo_agrupador_118_01","2","118.01","IVA acreditable pagado"
"codigo_agrupador_118_02","2","118.02","IVA acreditable de importación pagado"
"codigo_agrupador_118_03","2","118.03","IEPS acreditable pagado"
"codigo_agrupador_118_04","2","118.04","IEPS pagado en importación"
"codigo_agrupador_119","1","119","Impuestos acreditables por pagar"
"codigo_agrupador_119_01","2","119.01","IVA pendiente de pago"
"codigo_agrupador_119_02","2","119.02","IVA de importación pendiente de pago"
"codigo_agrupador_119_03","2","119.03","IEPS pendiente de pago"
"codigo_agrupador_119_04","2","119.04","IEPS pendiente de pago en importación"
"codigo_agrupador_120","1","120","Anticipo a proveedores"
"codigo_agrupador_120_01","2","120.01","Anticipo a proveedores nacional"
"codigo_agrupador_120_02","2","120.02","Anticipo a proveedores extranjero"
"codigo_agrupador_120_03","2","120.03","Anticipo a proveedores nacional parte relacionada"
"codigo_agrupador_120_04","2","120.04","Anticipo a proveedores extranjero parte relacionada"
"codigo_agrupador_121","1","121","Otros activos a corto plazo"
"codigo_agrupador_121_01","2","121.01","Otros activos a corto plazo"
"codigo_agrupador_151","1","151","Terrenos"
"codigo_agrupador_151_01","2","151.01","Terrenos"
"codigo_agrupador_152","1","152","Edificios"
"codigo_agrupador_152_01","2","152.01","Edificios"
"codigo_agrupador_153","1","153","Maquinaria y equipo"
"codigo_agrupador_153_01","2","153.01","Maquinaria y equipo"
"codigo_agrupador_154","1","154","Automóviles, autobuses, camiones de carga, tractocamiones, montacargas y remolques"
"codigo_agrupador_154_01","2","154.01","Automóviles, autobuses, camiones de carga, tractocamiones, montacargas y remolques"
"codigo_agrupador_155","1","155","Mobiliario y equipo de oficina"
"codigo_agrupador_155_01","2","155.01","Mobiliario y equipo de oficina"
"codigo_agrupador_156","1","156","Equipo de cómputo"
"codigo_agrupador_156_01","2","156.01","Equipo de cómputo"
"codigo_agrupador_157","1","157","Equipo de comunicación"
"codigo_agrupador_157_01","2","157.01","Equipo de comunicación"
"codigo_agrupador_158","1","158","Activos biológicos, vegetales y semovientes"
"codigo_agrupador_158_01","2","158.01","Activos biológicos, vegetales y semovientes"
"codigo_agrupador_159","1","159","Obras en proceso de activos fijos"
"codigo_agrupador_159_01","2","159.01","Obras en proceso de activos fijos"
"codigo_agrupador_160","1","160","Otros activos fijos"
"codigo_agrupador_160_01","2","160.01","Otros activos fijos"
"codigo_agrupador_161","1","161","Ferrocarriles"
"codigo_agrupador_161_01","2","161.01","Ferrocarriles"
"codigo_agrupador_162","1","162","Embarcaciones"
"codigo_agrupador_162_01","2","162.01","Embarcaciones"
"codigo_agrupador_163","1","163","Aviones"
"codigo_agrupador_163_01","2","163.01","Aviones"
"codigo_agrupador_164","1","164","Troqueles, moldes, matrices y herramental"
"codigo_agrupador_164_01","2","164.01","Troqueles, moldes, matrices y herramental"
"codigo_agrupador_165","1","165","Equipo de comunicaciones telefónicas"
"codigo_agrupador_165_01","2","165.01","Equipo de comunicaciones telefónicas"
"codigo_agrupador_166","1","166","Equipo de comunicación satelital"
"codigo_agrupador_166_01","2","166.01","Equipo de comunicación satelital"
"codigo_agrupador_167","1","167","Equipo de adaptaciones para personas con capacidades diferentes"
"codigo_agrupador_167_01","2","167.01","Equipo de adaptaciones para personas con capacidades diferentes"
"codigo_agrupador_168","1","168","Maquinaria y equipo de generación de energía de fuentes renovables o de sistemas de"
"codigo_agrupador_168_01","2","168.01","Maquinaria y equipo de generación de energía de fuentes renovables o de sistemas de"
"codigo_agrupador_169","1","169","Otra maquinaria y equipo"
"codigo_agrupador_169_01","2","169.01","Otra maquinaria y equipo"
"codigo_agrupador_170","1","170","Adaptaciones y mejoras"
"codigo_agrupador_170_01","2","170.01","Adaptaciones y mejoras"
"codigo_agrupador_171","1","171","Depreciación acumulada de activos fijos"
"codigo_agrupador_171_01","2","171.01","Depreciación acumulada de edificios"
"codigo_agrupador_171_02","2","171.02","Depreciación acumulada de maquinaria y equipo"
"codigo_agrupador_171_03","2","171.03","Depreciación acumulada de automóviles, autobuses, camiones de carga, tractocamiones,"
"codigo_agrupador_171_04","2","171.04","Depreciación acumulada de mobiliario y equipo de oficina"
"codigo_agrupador_171_05","2","171.05","Depreciación acumulada de equipo de cómputo"
"codigo_agrupador_171_06","2","171.06","Depreciación acumulada de equipo de comunicación"
"codigo_agrupador_171_07","2","171.07","Depreciación acumulada de activos biológicos, vegetales y semovientes"
"codigo_agrupador_171_08","2","171.08","Depreciación acumulada de otros activos fijos"
"codigo_agrupador_171_09","2","171.09","Depreciación acumulada de ferrocarriles"
"codigo_agrupador_171_10","2","171.10","Depreciación acumulada de embarcaciones"
"codigo_agrupador_171_11","2","171.11","Depreciación acumulada de aviones"
"codigo_agrupador_171_12","2","171.12","Depreciación acumulada de troqueles, moldes, matrices y herramental"
"codigo_agrupador_171_13","2","171.13","Depreciación acumulada de equipo de comunicaciones telefónicas"
"codigo_agrupador_171_14","2","171.14","Depreciación acumulada de equipo de comunicación satelital"
"codigo_agrupador_171_15","2","171.15","Depreciación acumulada de equipo de adaptaciones para personas con capacidades diferentes"
"codigo_agrupador_171_16","2","171.16","Depreciación acumulada de maquinaria y equipo de generación de energía de fuentes renovables"
"codigo_agrupador_171_17","2","171.17","Depreciación acumulada de adaptaciones y mejoras"
"codigo_agrupador_171_18","2","171.18","Depreciación acumulada de otra maquinaria y equipo"
"codigo_agrupador_172","1","172","Pérdida por deterioro acumulado de activos fijos"
"codigo_agrupador_172_01","2","172.01","Pérdida por deterioro acumulado de edificios"
"codigo_agrupador_172_02","2","172.02","Pérdida por deterioro acumulado de maquinaria y equipo"
"codigo_agrupador_172_03","2","172.03","Pérdida por deterioro acumulado de automóviles, autobuses, camiones de carga, tractocamiones,"
"codigo_agrupador_172_04","2","172.04","Pérdida por deterioro acumulado de mobiliario y equipo de oficina"
"codigo_agrupador_172_05","2","172.05","Pérdida por deterioro acumulado de equipo de cómputo"
"codigo_agrupador_172_06","2","172.06","Pérdida por deterioro acumulado de equipo de comunicación"
"codigo_agrupador_172_07","2","172.07","Pérdida por deterioro acumulado de activos biológicos, vegetales y semovientes"
"codigo_agrupador_172_08","2","172.08","Pérdida por deterioro acumulado de otros activos fijos"
"codigo_agrupador_172_09","2","172.09","Pérdida por deterioro acumulado de ferrocarriles"
"codigo_agrupador_172_10","2","172.10","Pérdida por deterioro acumulado de embarcaciones"
"codigo_agrupador_172_11","2","172.11","Pérdida por deterioro acumulado de aviones"
"codigo_agrupador_172_12","2","172.12","Pérdida por deterioro acumulado de troqueles, moldes, matrices y herramental"
"codigo_agrupador_172_13","2","172.13","Pérdida por deterioro acumulado de equipo de comunicaciones telefónicas"
"codigo_agrupador_172_14","2","172.14","Pérdida por deterioro acumulado de equipo de comunicación satelital"
"codigo_agrupador_172_15","2","172.15","Pérdida por deterioro acumulado de equipo de adaptaciones para personas con capacidades"
"codigo_agrupador_172_16","2","172.16","Pérdida por deterioro acumulado de maquinaria y equipo de generación de energía de fuentes"
"codigo_agrupador_172_17","2","172.17","Pérdida por deterioro acumulado de adaptaciones y mejoras"
"codigo_agrupador_172_18","2","172.18","Pérdida por deterioro acumulado de otra maquinaria y equipo"
"codigo_agrupador_173","1","173","Gastos diferidos"
"codigo_agrupador_173_01","2","173.01","Gastos diferidos"
"codigo_agrupador_174","1","174","Gastos pre operativos"
"codigo_agrupador_174_01","2","174.01","Gastos pre operativos"
"codigo_agrupador_175","1","175","Regalías, asistencia técnica y otros gastos diferidos"
"codigo_agrupador_175_01","2","175.01","Regalías, asistencia técnica y otros gastos diferidos"
"codigo_agrupador_176","1","176","Activos intangibles"
"codigo_agrupador_176_01","2","176.01","Activos intangibles"
"codigo_agrupador_177","1","177","Gastos de organización"
"codigo_agrupador_177_01","2","177.01","Gastos de organización"
"codigo_agrupador_178","1","178","Investigación y desarrollo de mercado"
"codigo_agrupador_178_01","2","178.01","Investigación y desarrollo de mercado"
"codigo_agrupador_179","1","179","Marcas y patentes"
"codigo_agrupador_179_01","2","179.01","Marcas y patentes"
"codigo_agrupador_180","1","180","Crédito mercantil"
"codigo_agrupador_180_01","2","180.01","Crédito mercantil"
"codigo_agrupador_181","1","181","Gastos de instalación"
"codigo_agrupador_181_01","2","181.01","Gastos de instalación"
"codigo_agrupador_182","1","182","Otros activos diferidos"
"codigo_agrupador_182_01","2","182.01","Otros activos diferidos"
"codigo_agrupador_183","1","183","Amortización acumulada de activos diferidos"
"codigo_agrupador_183_01","2","183.01","Amortización acumulada de gastos diferidos"
"codigo_agrupador_183_02","2","183.02","Amortización acumulada de gastos pre operativos"
"codigo_agrupador_183_03","2","183.03","Amortización acumulada de regalías, asistencia técnica y otros gastos diferidos"
"codigo_agrupador_183_04","2","183.04","Amortización acumulada de activos intangibles"
"codigo_agrupador_183_05","2","183.05","Amortización acumulada de gastos de organización"
"codigo_agrupador_183_06","2","183.06","Amortización acumulada de investigación y desarrollo de mercado"
"codigo_agrupador_183_07","2","183.07","Amortización acumulada de marcas y patentes"
"codigo_agrupador_183_08","2","183.08","Amortización acumulada de crédito mercantil"
"codigo_agrupador_183_09","2","183.09","Amortización acumulada de gastos de instalación"
"codigo_agrupador_183_10","2","183.10","Amortización acumulada de otros activos diferidos"
"codigo_agrupador_184","1","184","Depósitos en garantía"
"codigo_agrupador_184_01","2","184.01","Depósitos de fianzas"
"codigo_agrupador_184_02","2","184.02","Depósitos de arrendamiento de bienes inmuebles"
"codigo_agrupador_184_03","2","184.03","Otros depósitos en garantía"
"codigo_agrupador_185","1","185","Impuestos diferidos"
"codigo_agrupador_185_01","2","185.01","Impuestos diferidos ISR"
"codigo_agrupador_186","1","186","Cuentas y documentos por cobrar a largo plazo"
"codigo_agrupador_186_01","2","186.01","Cuentas y documentos por cobrar a largo plazo nacional"
"codigo_agrupador_186_02","2","186.02","Cuentas y documentos por cobrar a largo plazo extranjero"
"codigo_agrupador_186_03","2","186.03","Cuentas y documentos por cobrar a largo plazo nacional parte relacionada"
"codigo_agrupador_186_04","2","186.04","Cuentas y documentos por cobrar a largo plazo extranjero parte relacionada"
"codigo_agrupador_186_05","2","186.05","Intereses por cobrar a largo plazo nacional"
"codigo_agrupador_186_06","2","186.06","Intereses por cobrar a largo plazo extranjero"
"codigo_agrupador_186_07","2","186.07","Intereses por cobrar a largo plazo nacional parte relacionada"
"codigo_agrupador_186_08","2","186.08","Intereses por cobrar a largo plazo extranjero parte relacionada"
"codigo_agrupador_186_09","2","186.09","Otras cuentas y documentos por cobrar a largo plazo"
"codigo_agrupador_186_10","2","186.10","Otras cuentas y documentos por cobrar a largo plazo parte relacionada"
"codigo_agrupador_187","1","187","Participación de los trabajadores en las utilidades diferidas"
"codigo_agrupador_187_01","2","187.01","Participación de los trabajadores en las utilidades diferidas"
"codigo_agrupador_188","1","188","Inversiones permanentes en acciones"
"codigo_agrupador_188_01","2","188.01","Inversiones a largo plazo en subsidiarias"
"codigo_agrupador_188_02","2","188.02","Inversiones a largo plazo en asociadas"
"codigo_agrupador_188_03","2","188.03","Otras inversiones permanentes en acciones"
"codigo_agrupador_189","1","189","Estimación por deterioro de inversiones permanentes en acciones"
"codigo_agrupador_189_01","2","189.01","Estimación por deterioro de inversiones permanentes en acciones"
"codigo_agrupador_190","1","190","Otros instrumentos financieros"
"codigo_agrupador_190_01","2","190.01","Otros instrumentos financieros"
"codigo_agrupador_191","1","191","Otros activos a largo plazo"
"codigo_agrupador_191_01","2","191.01","Otros activos a largo plazo"
"codigo_agrupador_201","1","201","Proveedores"
"codigo_agrupador_201_01","2","201.01","Proveedores nacionales"
"codigo_agrupador_201_02","2","201.02","Proveedores extranjeros"
"codigo_agrupador_201_03","2","201.03","Proveedores nacionales parte relacionada"
"codigo_agrupador_201_04","2","201.04","Proveedores extranjeros parte relacionada"
"codigo_agrupador_202","1","202","Cuentas por pagar a corto plazo"
"codigo_agrupador_202_01","2","202.01","Documentos por pagar bancario y financiero nacional"
"codigo_agrupador_202_02","2","202.02","Documentos por pagar bancario y financiero extranjero"
"codigo_agrupador_202_03","2","202.03","Documentos y cuentas por pagar a corto plazo nacional"
"codigo_agrupador_202_04","2","202.04","Documentos y cuentas por pagar a corto plazo extranjero"
"codigo_agrupador_202_05","2","202.05","Documentos y cuentas por pagar a corto plazo nacional parte relacionada"
"codigo_agrupador_202_06","2","202.06","Documentos y cuentas por pagar a corto plazo extranjero parte relacionada"
"codigo_agrupador_202_07","2","202.07","Intereses por pagar a corto plazo nacional"
"codigo_agrupador_202_08","2","202.08","Intereses por pagar a corto plazo extranjero"
"codigo_agrupador_202_09","2","202.09","Intereses por pagar a corto plazo nacional parte relacionada"
"codigo_agrupador_202_10","2","202.10","Intereses por pagar a corto plazo extranjero parte relacionada"
"codigo_agrupador_202_11","2","202.11","Dividendo por pagar nacional"
"codigo_agrupador_202_12","2","202.12","Dividendo por pagar extranjero"
"codigo_agrupador_203","1","203","Cobros anticipados a corto plazo"
"codigo_agrupador_203_01","2","203.01","Rentas cobradas por anticipado a corto plazo nacional"
"codigo_agrupador_203_02","2","203.02","Rentas cobradas por anticipado a corto plazo extranjero"
"codigo_agrupador_203_03","2","203.03","Rentas cobradas por anticipado a corto plazo nacional parte relacionada"
"codigo_agrupador_203_04","2","203.04","Rentas cobradas por anticipado a corto plazo extranjero parte relacionada"
"codigo_agrupador_203_05","2","203.05","Intereses cobrados por anticipado a corto plazo nacional"
"codigo_agrupador_203_06","2","203.06","Intereses cobrados por anticipado a corto plazo extranjero"
"codigo_agrupador_203_07","2","203.07","Intereses cobrados por anticipado a corto plazo nacional parte relacionada"
"codigo_agrupador_203_08","2","203.08","Intereses cobrados por anticipado a corto plazo extranjero parte relacionada"
"codigo_agrupador_203_09","2","203.09","Factoraje financiero cobrados por anticipado a corto plazo nacional"
"codigo_agrupador_203_10","2","203.10","Factoraje financiero cobrados por anticipado a corto plazo extranjero"
"codigo_agrupador_203_11","2","203.11","Factoraje financiero cobrados por anticipado a corto plazo nacional parte relacionada"
"codigo_agrupador_203_12","2","203.12","Factoraje financiero cobrados por anticipado a corto plazo extranjero parte relacionada"
"codigo_agrupador_203_13","2","203.13","Arrendamiento financiero cobrados por anticipado a corto plazo nacional"
"codigo_agrupador_203_14","2","203.14","Arrendamiento financiero cobrados por anticipado a corto plazo extranjero"
"codigo_agrupador_203_15","2","203.15","Arrendamiento financiero cobrados por anticipado a corto plazo nacional parte relacionada"
"codigo_agrupador_203_16","2","203.16","Arrendamiento financiero cobrados por anticipado a corto plazo extranjero parte relacionada"
"codigo_agrupador_203_17","2","203.17","Derechos fiduciarios"
"codigo_agrupador_203_18","2","203.18","Otros cobros anticipados"
"codigo_agrupador_204","1","204","Instrumentos financieros a corto plazo"
"codigo_agrupador_204_01","2","204.01","Instrumentos financieros a corto plazo"
"codigo_agrupador_205","1","205","Acreedores diversos a corto plazo"
"codigo_agrupador_205_01","2","205.01","Socios, accionistas o representante legal"
"codigo_agrupador_205_02","2","205.02","Acreedores diversos a corto plazo nacional"
"codigo_agrupador_205_03","2","205.03","Acreedores diversos a corto plazo extranjero"
"codigo_agrupador_205_04","2","205.04","Acreedores diversos a corto plazo nacional parte relacionada"
"codigo_agrupador_205_05","2","205.05","Acreedores diversos a corto plazo extranjero parte relacionada"
"codigo_agrupador_205_06","2","205.06","Otros acreedores diversos a corto plazo"
"codigo_agrupador_206","1","206","Anticipo de cliente"
"codigo_agrupador_206_01","2","206.01","Anticipo de cliente nacional"
"codigo_agrupador_206_02","2","206.02","Anticipo de cliente extranjero"
"codigo_agrupador_206_03","2","206.03","Anticipo de cliente nacional parte relacionada"
"codigo_agrupador_206_04","2","206.04","Anticipo de cliente extranjero parte relacionada"
"codigo_agrupador_206_05","2","206.05","Otros anticipos de clientes"
"codigo_agrupador_207","1","207","Impuestos trasladados"
"codigo_agrupador_207_01","2","207.01","IVA trasladado"
"codigo_agrupador_207_02","2","207.02","IEPS trasladado"
"codigo_agrupador_208","1","208","Impuestos trasladados cobrados"
"codigo_agrupador_208_01","2","208.01","IVA trasladado cobrado"
"codigo_agrupador_208_02","2","208.02","IEPS trasladado cobrado"
"codigo_agrupador_209","1","209","Impuestos trasladados no cobrados"
"codigo_agrupador_209_01","2","209.01","IVA trasladado no cobrado"
"codigo_agrupador_209_02","2","209.02","IEPS trasladado no cobrado"
"codigo_agrupador_210","1","210","Provisión de sueldos y salarios por pagar"
"codigo_agrupador_210_01","2","210.01","Provisión de sueldos y salarios por pagar"
"codigo_agrupador_210_02","2","210.02","Provisión de vacaciones por pagar"
"codigo_agrupador_210_03","2","210.03","Provisión de aguinaldo por pagar"
"codigo_agrupador_210_04","2","210.04","Provisión de fondo de ahorro por pagar"
"codigo_agrupador_210_05","2","210.05","Provisión de asimilados a salarios por pagar"
"codigo_agrupador_210_06","2","210.06","Provisión de anticipos o remanentes por distribuir"
"codigo_agrupador_210_07","2","210.07","Provisión de otros sueldos y salarios por pagar"
"codigo_agrupador_211","1","211","Provisión de contribuciones de seguridad social por pagar"
"codigo_agrupador_211_01","2","211.01","Provisión de IMSS patronal por pagar"
"codigo_agrupador_211_02","2","211.02","Provisión de SAR por pagar"
"codigo_agrupador_211_03","2","211.03","Provisión de infonavit por pagar"
"codigo_agrupador_212","1","212","Provisión de impuesto estatal sobre nómina por pagar"
"codigo_agrupador_212_01","2","212.01","Provisión de impuesto estatal sobre nómina por pagar"
"codigo_agrupador_213","1","213","Impuestos y derechos por pagar"
"codigo_agrupador_213_01","2","213.01","IVA por pagar"
"codigo_agrupador_213_02","2","213.02","IEPS por pagar"
"codigo_agrupador_213_03","2","213.03","ISR por pagar"
"codigo_agrupador_213_04","2","213.04","Impuesto estatal sobre nómina por pagar"
"codigo_agrupador_213_05","2","213.05","Impuesto estatal y municipal por pagar"
"codigo_agrupador_213_06","2","213.06","Derechos por pagar"
"codigo_agrupador_213_07","2","213.07","Otros impuestos por pagar"
"codigo_agrupador_214","1","214","Dividendos por pagar"
"codigo_agrupador_214_01","2","214.01","Dividendos por pagar"
"codigo_agrupador_215","1","215","PTU por pagar"
"codigo_agrupador_215_01","2","215.01","PTU por pagar"
"codigo_agrupador_215_02","2","215.02","PTU por pagar de ejercicios anteriores"
"codigo_agrupador_215_03","2","215.03","Provisión de PTU por pagar"
"codigo_agrupador_216","1","216","Impuestos retenidos"
"codigo_agrupador_216_01","2","216.01","Impuestos retenidos de ISR por sueldos y salarios"
"codigo_agrupador_216_02","2","216.02","Impuestos retenidos de ISR por asimilados a salarios"
"codigo_agrupador_216_03","2","216.03","Impuestos retenidos de ISR por arrendamiento"
"codigo_agrupador_216_04","2","216.04","Impuestos retenidos de ISR por servicios profesionales"
"codigo_agrupador_216_05","2","216.05","Impuestos retenidos de ISR por dividendos"
"codigo_agrupador_216_06","2","216.06","Impuestos retenidos de ISR por intereses"
"codigo_agrupador_216_07","2","216.07","Impuestos retenidos de ISR por pagos al extranjero"
"codigo_agrupador_216_08","2","216.08","Impuestos retenidos de ISR por venta de acciones"
"codigo_agrupador_216_09","2","216.09","Impuestos retenidos de ISR por venta de partes sociales"
"codigo_agrupador_216_10","2","216.10","Impuestos retenidos de IVA"
"codigo_agrupador_216_11","2","216.11","Retenciones de IMSS a los trabajadores"
"codigo_agrupador_216_12","2","216.12","Otras impuestos retenidos"
"codigo_agrupador_217","1","217","Pagos realizados por cuenta de terceros"
"codigo_agrupador_217_01","2","217.01","Pagos realizados por cuenta de terceros"
"codigo_agrupador_218","1","218","Otros pasivos a corto plazo"
"codigo_agrupador_218_01","2","218.01","Otros pasivos a corto plazo"
"codigo_agrupador_251","1","251","Acreedores diversos a largo plazo"
"codigo_agrupador_251_01","2","251.01","Socios, accionistas o representante legal"
"codigo_agrupador_251_02","2","251.02","Acreedores diversos a largo plazo nacional"
"codigo_agrupador_251_03","2","251.03","Acreedores diversos a largo plazo extranjero"
"codigo_agrupador_251_04","2","251.04","Acreedores diversos a largo plazo nacional parte relacionada"
"codigo_agrupador_251_05","2","251.05","Acreedores diversos a largo plazo extranjero parte relacionada"
"codigo_agrupador_251_06","2","251.06","Otros acreedores diversos a largo plazo"
"codigo_agrupador_252","1","252","Cuentas por pagar a largo plazo"
"codigo_agrupador_252_01","2","252.01","Documentos bancarios y financieros por pagar a largo plazo nacional"
"codigo_agrupador_252_02","2","252.02","Documentos bancarios y financieros por pagar a largo plazo extranjero"
"codigo_agrupador_252_03","2","252.03","Documentos y cuentas por pagar a largo plazo nacional"
"codigo_agrupador_252_04","2","252.04","Documentos y cuentas por pagar a largo plazo extranjero"
"codigo_agrupador_252_05","2","252.05","Documentos y cuentas por pagar a largo plazo nacional parte relacionada"
"codigo_agrupador_252_06","2","252.06","Documentos y cuentas por pagar a largo plazo extranjero parte relacionada"
"codigo_agrupador_252_07","2","252.07","Hipotecas por pagar a largo plazo nacional"
"codigo_agrupador_252_08","2","252.08","Hipotecas por pagar a largo plazo extranjero"
"codigo_agrupador_252_09","2","252.09","Hipotecas por pagar a largo plazo nacional parte relacionada"
"codigo_agrupador_252_10","2","252.10","Hipotecas por pagar a largo plazo extranjero parte relacionada"
"codigo_agrupador_252_11","2","252.11","Intereses por pagar a largo plazo nacional"
"codigo_agrupador_252_12","2","252.12","Intereses por pagar a largo plazo extranjero"
"codigo_agrupador_252_13","2","252.13","Intereses por pagar a largo plazo nacional parte relacionada"
"codigo_agrupador_252_14","2","252.14","Intereses por pagar a largo plazo extranjero parte relacionada"
"codigo_agrupador_252_15","2","252.15","Dividendos por pagar nacionales"
"codigo_agrupador_252_16","2","252.16","Dividendos por pagar extranjeros"
"codigo_agrupador_252_17","2","252.17","Otras cuentas y documentos por pagar a largo plazo"
"codigo_agrupador_253","1","253","Cobros anticipados a largo plazo"
"codigo_agrupador_253_01","2","253.01","Rentas cobradas por anticipado a largo plazo nacional"
"codigo_agrupador_253_02","2","253.02","Rentas cobradas por anticipado a largo plazo extranjero"
"codigo_agrupador_253_03","2","253.03","Rentas cobradas por anticipado a largo plazo nacional parte relacionada"
"codigo_agrupador_253_04","2","253.04","Rentas cobradas por anticipado a largo plazo extranjero parte relacionada"
"codigo_agrupador_253_05","2","253.05","Intereses cobrados por anticipado a largo plazo nacional"
"codigo_agrupador_253_06","2","253.06","Intereses cobrados por anticipado a largo plazo extranjero"
"codigo_agrupador_253_07","2","253.07","Intereses cobrados por anticipado a largo plazo nacional parte relacionada"
"codigo_agrupador_253_08","2","253.08","Intereses cobrados por anticipado a largo plazo extranjero parte relacionada"
"codigo_agrupador_253_09","2","253.09","Factoraje financiero cobrados por anticipado a largo plazo nacional"
"codigo_agrupador_253_10","2","253.10","Factoraje financiero cobrados por anticipado a largo plazo extranjero"
"codigo_agrupador_253_11","2","253.11","Factoraje financiero cobrados por anticipado a largo plazo nacional parte relacionada"
"codigo_agrupador_253_12","2","253.12","Factoraje financiero cobrados por anticipado a largo plazo extranjero parte relacionada"
"codigo_agrupador_253_13","2","253.13","Arrendamiento financiero cobrados por anticipado a largo plazo nacional"
"codigo_agrupador_253_14","2","253.14","Arrendamiento financiero cobrados por anticipado a largo plazo extranjero"
"codigo_agrupador_253_15","2","253.15","Arrendamiento financiero cobrados por anticipado a largo plazo nacional parte relacionada"
"codigo_agrupador_253_16","2","253.16","Arrendamiento financiero cobrados por anticipado a largo plazo extranjero parte relacionada"
"codigo_agrupador_253_17","2","253.17","Derechos fiduciarios"
"codigo_agrupador_253_18","2","253.18","Otros cobros anticipados"
"codigo_agrupador_254","1","254","Instrumentos financieros a largo plazo"
"codigo_agrupador_254_01","2","254.01","Instrumentos financieros a largo plazo"
"codigo_agrupador_255","1","255","Pasivos por beneficios a los empleados a largo plazo"
"codigo_agrupador_255_01","2","255.01","Pasivos por beneficios a los empleados a largo plazo"
"codigo_agrupador_256","1","256","Otros pasivos a largo plazo"
"codigo_agrupador_256_01","2","256.01","Otros pasivos a largo plazo"
"codigo_agrupador_257","1","257","Participación de los trabajadores en las utilidades diferida"
"codigo_agrupador_257_01","2","257.01","Participación de los trabajadores en las utilidades diferida"
"codigo_agrupador_258","1","258","Obligaciones contraídas de fideicomisos"
"codigo_agrupador_258_01","2","258.01","Obligaciones contraídas de fideicomisos"
"codigo_agrupador_259","1","259","Impuestos diferidos"
"codigo_agrupador_259_01","2","259.01","ISR diferido"
"codigo_agrupador_259_02","2","259.02","ISR por dividendo diferido"
"codigo_agrupador_259_03","2","259.03","Otros impuestos diferidos"
"codigo_agrupador_260","1","260","Pasivos diferidos"
"codigo_agrupador_260_01","2","260.01","Pasivos diferidos"
"codigo_agrupador_301","1","301","Capital social"
"codigo_agrupador_301_01","2","301.01","Capital fijo"
"codigo_agrupador_301_02","2","301.02","Capital variable"
"codigo_agrupador_301_03","2","301.03","Aportaciones para futuros aumentos de capital"
"codigo_agrupador_301_04","2","301.04","Prima en suscripción de acciones"
"codigo_agrupador_301_05","2","301.05","Prima en suscripción de partes sociales"
"codigo_agrupador_302","1","302","Patrimonio"
"codigo_agrupador_302_01","2","302.01","Patrimonio"
"codigo_agrupador_302_02","2","302.02","Aportación patrimonial"
"codigo_agrupador_302_03","2","302.03","Déficit o remanente del ejercicio"
"codigo_agrupador_303","1","303","Reserva legal"
"codigo_agrupador_303_01","2","303.01","Reserva legal"
"codigo_agrupador_304","1","304","Resultado de ejercicios anteriores"
"codigo_agrupador_304_01","2","304.01","Utilidad de ejercicios anteriores"
"codigo_agrupador_304_02","2","304.02","Pérdida de ejercicios anteriores"
"codigo_agrupador_304_03","2","304.03","Resultado integral de ejercicios anteriores"
"codigo_agrupador_304_04","2","304.04","Déficit o remanente de ejercicio anteriores"
"codigo_agrupador_305","1","305","Resultado del ejercicio"
"codigo_agrupador_305_01","2","305.01","Utilidad del ejercicio"
"codigo_agrupador_305_02","2","305.02","Pérdida del ejercicio"
"codigo_agrupador_305_03","2","305.03","Resultado integral"
"codigo_agrupador_306","1","306","Otras cuentas de capital"
"codigo_agrupador_306_01","2","306.01","Otras cuentas de capital"
"codigo_agrupador_401","1","401","Ingresos"
"codigo_agrupador_401_01","2","401.01","Ventas y/o servicios gravados a la tasa general"
"codigo_agrupador_401_02","2","401.02","Ventas y/o servicios gravados a la tasa general de contado"
"codigo_agrupador_401_03","2","401.03","Ventas y/o servicios gravados a la tasa general a crédito"
"codigo_agrupador_401_04","2","401.04","Ventas y/o servicios gravados al 0%"
"codigo_agrupador_401_05","2","401.05","Ventas y/o servicios gravados al 0% de contado"
"codigo_agrupador_401_06","2","401.06","Ventas y/o servicios gravados al 0% a crédito"
"codigo_agrupador_401_07","2","401.07","Ventas y/o servicios exentos"
"codigo_agrupador_401_08","2","401.08","Ventas y/o servicios exentos de contado"
"codigo_agrupador_401_09","2","401.09","Ventas y/o servicios exentos a crédito"
"codigo_agrupador_401_10","2","401.10","Ventas y/o servicios gravados a la tasa general nacionales partes relacionadas"
"codigo_agrupador_401_11","2","401.11","Ventas y/o servicios gravados a la tasa general extranjeros partes relacionadas"
"codigo_agrupador_401_12","2","401.12","Ventas y/o servicios gravados al 0% nacionales partes relacionadas"
"codigo_agrupador_401_13","2","401.13","Ventas y/o servicios gravados al 0% extranjeros partes relacionadas"
"codigo_agrupador_401_14","2","401.14","Ventas y/o servicios exentos nacionales partes relacionadas"
"codigo_agrupador_401_15","2","401.15","Ventas y/o servicios exentos extranjeros partes relacionadas"
"codigo_agrupador_401_16","2","401.16","Ingresos por servicios administrativos"
"codigo_agrupador_401_17","2","401.17","Ingresos por servicios administrativos nacionales partes relacionadas"
"codigo_agrupador_401_18","2","401.18","Ingresos por servicios administrativos extranjeros partes relacionadas"
"codigo_agrupador_401_19","2","401.19","Ingresos por servicios profesionales"
"codigo_agrupador_401_20","2","401.20","Ingresos por servicios profesionales nacionales partes relacionadas"
"codigo_agrupador_401_21","2","401.21","Ingresos por servicios profesionales extranjeros partes relacionadas"
"codigo_agrupador_401_22","2","401.22","Ingresos por arrendamiento"
"codigo_agrupador_401_23","2","401.23","Ingresos por arrendamiento nacionales partes relacionadas"
"codigo_agrupador_401_24","2","401.24","Ingresos por arrendamiento extranjeros partes relacionadas"
"codigo_agrupador_401_25","2","401.25","Ingresos por exportación"
"codigo_agrupador_401_26","2","401.26","Ingresos por comisiones"
"codigo_agrupador_401_27","2","401.27","Ingresos por maquila"
"codigo_agrupador_401_28","2","401.28","Ingresos por coordinados"
"codigo_agrupador_401_29","2","401.29","Ingresos por regalías"
"codigo_agrupador_401_30","2","401.30","Ingresos por asistencia técnica"
"codigo_agrupador_401_31","2","401.31","Ingresos por donativos"
"codigo_agrupador_401_32","2","401.32","Ingresos por intereses (actividad propia)"
"codigo_agrupador_401_33","2","401.33","Ingresos de copropiedad"
"codigo_agrupador_401_34","2","401.34","Ingresos por fideicomisos"
"codigo_agrupador_401_35","2","401.35","Ingresos por factoraje financiero"
"codigo_agrupador_401_36","2","401.36","Ingresos por arrendamiento financiero"
"codigo_agrupador_401_37","2","401.37","Ingresos de extranjeros con establecimiento en el país"
"codigo_agrupador_401_38","2","401.38","Otros ingresos propios"
"codigo_agrupador_402","1","402","Devoluciones, descuentos o bonificaciones sobre ingresos"
"codigo_agrupador_402_01","2","402.01","Devoluciones, descuentos o bonificaciones sobre ventas y/o servicios a la tasa general"
"codigo_agrupador_402_02","2","402.02","Devoluciones, descuentos o bonificaciones sobre ventas y/o servicios al 0%"
"codigo_agrupador_402_03","2","402.03","Devoluciones, descuentos o bonificaciones sobre ventas y/o servicios exentos"
"codigo_agrupador_402_04","2","402.04","Devoluciones, descuentos o bonificaciones de otros ingresos"
"codigo_agrupador_403","1","403","Otros ingresos"
"codigo_agrupador_403_01","2","403.01","Otros Ingresos"
"codigo_agrupador_403_02","2","403.02","Otros ingresos nacionales parte relacionada"
"codigo_agrupador_403_03","2","403.03","Otros ingresos extranjeros parte relacionada"
"codigo_agrupador_403_04","2","403.04","Ingresos por operaciones discontinuas"
"codigo_agrupador_403_05","2","403.05","Ingresos por condonación de adeudo"
"codigo_agrupador_501","1","501","Costo de venta y/o servicio"
"codigo_agrupador_501_01","2","501.01","Costo de venta"
"codigo_agrupador_501_02","2","501.02","Costo de servicios (Mano de obra)"
"codigo_agrupador_501_03","2","501.03","Materia prima directa utilizada para la producción"
"codigo_agrupador_501_04","2","501.04","Materia prima consumida en el proceso productivo"
"codigo_agrupador_501_05","2","501.05","Mano de obra directa consumida"
"codigo_agrupador_501_06","2","501.06","Mano de obra directa"
"codigo_agrupador_501_07","2","501.07","Cargos indirectos de producción"
"codigo_agrupador_501_08","2","501.08","Otros conceptos de costo"
"codigo_agrupador_502","1","502","Compras"
"codigo_agrupador_502_01","2","502.01","Compras nacionales"
"codigo_agrupador_502_02","2","502.02","Compras nacionales parte relacionada"
"codigo_agrupador_502_03","2","502.03","Compras de Importación"
"codigo_agrupador_502_04","2","502.04","Compras de Importación partes relacionadas"
"codigo_agrupador_503","1","503","Devoluciones, descuentos o bonificaciones sobre compras"
"codigo_agrupador_503_01","2","503.01","Devoluciones, descuentos o bonificaciones sobre compras"
"codigo_agrupador_504","1","504","Otras cuentas de costos"
"codigo_agrupador_504_01","2","504.01","Gastos indirectos de fabricación"
"codigo_agrupador_504_02","2","504.02","Gastos indirectos de fabricación de partes relacionadas nacionales"
"codigo_agrupador_504_03","2","504.03","Gastos indirectos de fabricación de partes relacionadas extranjeras"
"codigo_agrupador_504_04","2","504.04","Otras cuentas de costos incurridos"
"codigo_agrupador_504_05","2","504.05","Otras cuentas de costos incurridos con partes relacionadas nacionales"
"codigo_agrupador_504_06","2","504.06","Otras cuentas de costos incurridos con partes relacionadas extranjeras"
"codigo_agrupador_504_07","2","504.07","Depreciación de edificios"
"codigo_agrupador_504_08","2","504.08","Depreciación de maquinaria y equipo"
"codigo_agrupador_504_09","2","504.09","Depreciación de automóviles, autobuses, camiones de carga, tractocamiones, montacargas y"
"codigo_agrupador_504_10","2","504.10","Depreciación de mobiliario y equipo de oficina"
"codigo_agrupador_504_11","2","504.11","Depreciación de equipo de cómputo"
"codigo_agrupador_504_12","2","504.12","Depreciación de equipo de comunicación"
"codigo_agrupador_504_13","2","504.13","Depreciación de activos biológicos, vegetales y semovientes"
"codigo_agrupador_504_14","2","504.14","Depreciación de otros activos fijos"
"codigo_agrupador_504_15","2","504.15","Depreciación de ferrocarriles"
"codigo_agrupador_504_16","2","504.16","Depreciación de embarcaciones"
"codigo_agrupador_504_17","2","504.17","Depreciación de aviones"
"codigo_agrupador_504_18","2","504.18","Depreciación de troqueles, moldes, matrices y herramental"
"codigo_agrupador_504_19","2","504.19","Depreciación de equipo de comunicaciones telefónicas"
"codigo_agrupador_504_20","2","504.20","Depreciación de equipo de comunicación satelital"
"codigo_agrupador_504_21","2","504.21","Depreciación de equipo de adaptaciones para personas con capacidades diferentes"
"codigo_agrupador_504_22","2","504.22","Depreciación de maquinaria y equipo de generación de energía de fuentes renovables o de"
"codigo_agrupador_504_23","2","504.23","Depreciación de adaptaciones y mejoras"
"codigo_agrupador_504_24","2","504.24","Depreciación de otra maquinaria y equipo"
"codigo_agrupador_504_25","2","504.25","Otras cuentas de costos"
"codigo_agrupador_505","1","505","Costo de activo fijo"
"codigo_agrupador_505_01","2","505.01","Costo por venta de activo fijo"
"codigo_agrupador_505_01","2","505.01","Costo por baja de activo fijo"
"codigo_agrupador_601","1","601","Gastos generales"
"codigo_agrupador_601_01","2","601.01","Sueldos y salarios"
"codigo_agrupador_601_02","2","601.02","Compensaciones"
"codigo_agrupador_601_03","2","601.03","Tiempos extras"
"codigo_agrupador_601_04","2","601.04","Premios de asistencia"
"codigo_agrupador_601_05","2","601.05","Premios de puntualidad"
"codigo_agrupador_601_06","2","601.06","Vacaciones"
"codigo_agrupador_601_07","2","601.07","Prima vacacional"
"codigo_agrupador_601_08","2","601.08","Prima dominical"
"codigo_agrupador_601_09","2","601.09","Días festivos"
"codigo_agrupador_601_10","2","601.10","Gratificaciones"
"codigo_agrupador_601_11","2","601.11","Primas de antigüedad"
"codigo_agrupador_601_12","2","601.12","Aguinaldo"
"codigo_agrupador_601_13","2","601.13","Indemnizaciones"
"codigo_agrupador_601_14","2","601.14","Destajo"
"codigo_agrupador_601_15","2","601.15","Despensa"
"codigo_agrupador_601_16","2","601.16","Transporte"
"codigo_agrupador_601_17","2","601.17","Servicio médico"
"codigo_agrupador_601_18","2","601.18","Ayuda en gastos funerarios"
"codigo_agrupador_601_19","2","601.19","Fondo de ahorro"
"codigo_agrupador_601_20","2","601.20","Cuotas sindicales"
"codigo_agrupador_601_21","2","601.21","PTU"
"codigo_agrupador_601_22","2","601.22","Estímulo al personal"
"codigo_agrupador_601_23","2","601.23","Previsión social"
"codigo_agrupador_601_24","2","601.24","Aportaciones para el plan de jubilación"
"codigo_agrupador_601_25","2","601.25","Otras prestaciones al personal"
"codigo_agrupador_601_26","2","601.26","Cuotas al IMSS"
"codigo_agrupador_601_27","2","601.27","Aportaciones al infonavit"
"codigo_agrupador_601_28","2","601.28","Aportaciones al SAR"
"codigo_agrupador_601_29","2","601.29","Impuesto estatal sobre nóminas"
"codigo_agrupador_601_30","2","601.30","Otras aportaciones"
"codigo_agrupador_601_31","2","601.31","Asimilados a salarios"
"codigo_agrupador_601_32","2","601.32","Servicios administrativos"
"codigo_agrupador_601_33","2","601.33","Servicios administrativos partes relacionadas"
"codigo_agrupador_601_34","2","601.34","Honorarios a personas físicas residentes nacionales"
"codigo_agrupador_601_35","2","601.35","Honorarios a personas físicas residentes nacionales partes relacionadas"
"codigo_agrupador_601_36","2","601.36","Honorarios a personas físicas residentes del extranjero"
"codigo_agrupador_601_37","2","601.37","Honorarios a personas físicas residentes del extranjero partes relacionadas"
"codigo_agrupador_601_38","2","601.38","Honorarios a personas morales residentes nacionales"
"codigo_agrupador_601_39","2","601.39","Honorarios a personas morales residentes nacionales partes relacionadas"
"codigo_agrupador_601_40","2","601.40","Honorarios a personas morales residentes del extranjero"
"codigo_agrupador_601_41","2","601.41","Honorarios a personas morales residentes del extranjero partes relacionadas"
"codigo_agrupador_601_42","2","601.42","Honorarios aduanales personas físicas"
"codigo_agrupador_601_43","2","601.43","Honorarios aduanales personas morales"
"codigo_agrupador_601_44","2","601.44","Honorarios al consejo de administración"
"codigo_agrupador_601_45","2","601.45","Arrendamiento a personas físicas residentes nacionales"
"codigo_agrupador_601_46","2","601.46","Arrendamiento a personas morales residentes nacionales"
"codigo_agrupador_601_47","2","601.47","Arrendamiento a residentes del extranjero"
"codigo_agrupador_601_48","2","601.48","Combustibles y lubricantes"
"codigo_agrupador_601_49","2","601.49","Viáticos y gastos de viaje"
"codigo_agrupador_601_50","2","601.50","Teléfono, internet"
"codigo_agrupador_601_51","2","601.51","Agua"
"codigo_agrupador_601_52","2","601.52","Energía eléctrica"
"codigo_agrupador_601_53","2","601.53","Vigilancia y seguridad"
"codigo_agrupador_601_54","2","601.54","Limpieza"
"codigo_agrupador_601_55","2","601.55","Papelería y artículos de oficina"
"codigo_agrupador_601_56","2","601.56","Mantenimiento y conservación"
"codigo_agrupador_601_57","2","601.57","Seguros y fianzas"
"codigo_agrupador_601_58","2","601.58","Otros impuestos y derechos"
"codigo_agrupador_601_59","2","601.59","Recargos fiscales"
"codigo_agrupador_601_60","2","601.60","Cuotas y suscripciones"
"codigo_agrupador_601_61","2","601.61","Propaganda y publicidad"
"codigo_agrupador_601_62","2","601.62","Capacitación al personal"
"codigo_agrupador_601_63","2","601.63","Donativos y ayudas"
"codigo_agrupador_601_64","2","601.64","Asistencia técnica"
"codigo_agrupador_601_65","2","601.65","Regalías sujetas a otros porcentajes"
"codigo_agrupador_601_66","2","601.66","Regalías sujetas al 5%"
"codigo_agrupador_601_67","2","601.67","Regalías sujetas al 10%"
"codigo_agrupador_601_68","2","601.68","Regalías sujetas al 15%"
"codigo_agrupador_601_69","2","601.69","Regalías sujetas al 25%"
"codigo_agrupador_601_70","2","601.70","Regalías sujetas al 30%"
"codigo_agrupador_601_71","2","601.71","Regalías sin retención"
"codigo_agrupador_601_72","2","601.72","Fletes y acarreos"
"codigo_agrupador_601_73","2","601.73","Gastos de importación"
"codigo_agrupador_601_74","2","601.74","Comisiones sobre ventas"
"codigo_agrupador_601_75","2","601.75","Comisiones por tarjetas de crédito"
"codigo_agrupador_601_76","2","601.76","Patentes y marcas"
"codigo_agrupador_601_77","2","601.77","Uniformes"
"codigo_agrupador_601_78","2","601.78","Prediales"
"codigo_agrupador_601_79","2","601.79","Gastos generales de urbanización"
"codigo_agrupador_601_80","2","601.80","Gastos generales de construcción"
"codigo_agrupador_601_81","2","601.81","Fletes del extranjero"
"codigo_agrupador_601_82","2","601.82","Recolección de bienes del sector agropecuario y/o ganadero"
"codigo_agrupador_601_83","2","601.83","Gastos no deducibles (sin requisitos fiscales)"
"codigo_agrupador_601_84","2","601.84","Otros gastos generales"
"codigo_agrupador_602","1","602","Gastos de venta"
"codigo_agrupador_602_01","2","602.01","Sueldos y salarios"
"codigo_agrupador_602_02","2","602.02","Compensaciones"
"codigo_agrupador_602_03","2","602.03","Tiempos extras"
"codigo_agrupador_602_04","2","602.04","Premios de asistencia"
"codigo_agrupador_602_05","2","602.05","Premios de puntualidad"
"codigo_agrupador_602_06","2","602.06","Vacaciones"
"codigo_agrupador_602_07","2","602.07","Prima vacacional"
"codigo_agrupador_602_08","2","602.08","Prima dominical"
"codigo_agrupador_602_09","2","602.09","Días festivos"
"codigo_agrupador_602_10","2","602.10","Gratificaciones"
"codigo_agrupador_602_11","2","602.11","Primas de antigüedad"
"codigo_agrupador_602_12","2","602.12","Aguinaldo"
"codigo_agrupador_602_13","2","602.13","Indemnizaciones"
"codigo_agrupador_602_14","2","602.14","Destajo"
"codigo_agrupador_602_15","2","602.15","Despensa"
"codigo_agrupador_602_16","2","602.16","Transporte"
"codigo_agrupador_602_17","2","602.17","Servicio médico"
"codigo_agrupador_602_18","2","602.18","Ayuda en gastos funerarios"
"codigo_agrupador_602_19","2","602.19","Fondo de ahorro"
"codigo_agrupador_602_20","2","602.20","Cuotas sindicales"
"codigo_agrupador_602_21","2","602.21","PTU"
"codigo_agrupador_602_22","2","602.22","Estímulo al personal"
"codigo_agrupador_602_23","2","602.23","Previsión social"
"codigo_agrupador_602_24","2","602.24","Aportaciones para el plan de jubilación"
"codigo_agrupador_602_25","2","602.25","Otras prestaciones al personal"
"codigo_agrupador_602_26","2","602.26","Cuotas al IMSS"
"codigo_agrupador_602_27","2","602.27","Aportaciones al infonavit"
"codigo_agrupador_602_28","2","602.28","Aportaciones al SAR"
"codigo_agrupador_602_29","2","602.29","Impuesto estatal sobre nóminas"
"codigo_agrupador_602_30","2","602.30","Otras aportaciones"
"codigo_agrupador_602_31","2","602.31","Asimilados a salarios"
"codigo_agrupador_602_32","2","602.32","Servicios administrativos"
"codigo_agrupador_602_33","2","602.33","Servicios administrativos partes relacionadas"
"codigo_agrupador_602_34","2","602.34","Honorarios a personas físicas residentes nacionales"
"codigo_agrupador_602_35","2","602.35","Honorarios a personas físicas residentes nacionales partes relacionadas"
"codigo_agrupador_602_36","2","602.36","Honorarios a personas físicas residentes del extranjero"
"codigo_agrupador_602_37","2","602.37","Honorarios a personas físicas residentes del extranjero partes relacionadas"
"codigo_agrupador_602_38","2","602.38","Honorarios a personas morales residentes nacionales"
"codigo_agrupador_602_39","2","602.39","Honorarios a personas morales residentes nacionales partes relacionadas"
"codigo_agrupador_602_40","2","602.40","Honorarios a personas morales residentes del extranjero"
"codigo_agrupador_602_41","2","602.41","Honorarios a personas morales residentes del extranjero partes relacionadas"
"codigo_agrupador_602_42","2","602.42","Honorarios aduanales personas físicas"
"codigo_agrupador_602_43","2","602.43","Honorarios aduanales personas morales"
"codigo_agrupador_602_44","2","602.44","Honorarios al consejo de administración"
"codigo_agrupador_602_45","2","602.45","Arrendamiento a personas físicas residentes nacionales"
"codigo_agrupador_602_46","2","602.46","Arrendamiento a personas morales residentes nacionales"
"codigo_agrupador_602_47","2","602.47","Arrendamiento a residentes del extranjero"
"codigo_agrupador_602_48","2","602.48","Combustibles y lubricantes"
"codigo_agrupador_602_49","2","602.49","Viáticos y gastos de viaje"
"codigo_agrupador_602_50","2","602.50","Teléfono, internet"
"codigo_agrupador_602_51","2","602.51","Agua"
"codigo_agrupador_602_52","2","602.52","Energía eléctrica"
"codigo_agrupador_602_53","2","602.53","Vigilancia y seguridad"
"codigo_agrupador_602_54","2","602.54","Limpieza"
"codigo_agrupador_602_55","2","602.55","Papelería y artículos de oficina"
"codigo_agrupador_602_56","2","602.56","Mantenimiento y conservación"
"codigo_agrupador_602_57","2","602.57","Seguros y fianzas"
"codigo_agrupador_602_58","2","602.58","Otros impuestos y derechos"
"codigo_agrupador_602_59","2","602.59","Recargos fiscales"
"codigo_agrupador_602_60","2","602.60","Cuotas y suscripciones"
"codigo_agrupador_602_61","2","602.61","Propaganda y publicidad"
"codigo_agrupador_602_62","2","602.62","Capacitación al personal"
"codigo_agrupador_602_63","2","602.63","Donativos y ayudas"
"codigo_agrupador_602_64","2","602.64","Asistencia técnica"
"codigo_agrupador_602_65","2","602.65","Regalías sujetas a otros porcentajes"
"codigo_agrupador_602_66","2","602.66","Regalías sujetas al 5%"
"codigo_agrupador_602_67","2","602.67","Regalías sujetas al 10%"
"codigo_agrupador_602_68","2","602.68","Regalías sujetas al 15%"
"codigo_agrupador_602_69","2","602.69","Regalías sujetas al 25%"
"codigo_agrupador_602_70","2","602.70","Regalías sujetas al 30%"
"codigo_agrupador_602_71","2","602.71","Regalías sin retención"
"codigo_agrupador_602_72","2","602.72","Fletes y acarreos"
"codigo_agrupador_602_73","2","602.73","Gastos de importación"
"codigo_agrupador_602_74","2","602.74","Comisiones sobre ventas"
"codigo_agrupador_602_75","2","602.75","Comisiones por tarjetas de crédito"
"codigo_agrupador_602_76","2","602.76","Patentes y marcas"
"codigo_agrupador_602_77","2","602.77","Uniformes"
"codigo_agrupador_602_78","2","602.78","Prediales"
"codigo_agrupador_602_79","2","602.79","Gastos de venta de urbanización"
"codigo_agrupador_602_80","2","602.80","Gastos de venta de construcción"
"codigo_agrupador_602_81","2","602.81","Fletes del extranjero"
"codigo_agrupador_602_82","2","602.82","Recolección de bienes del sector agropecuario y/o ganadero"
"codigo_agrupador_602_83","2","602.83","Gastos no deducibles (sin requisitos fiscales)"
"codigo_agrupador_602_84","2","602.84","Otros gastos de venta"
"codigo_agrupador_603","1","603","Gastos de administración"
"codigo_agrupador_603_01","2","603.01","Sueldos y salarios"
"codigo_agrupador_603_02","2","603.02","Compensaciones"
"codigo_agrupador_603_03","2","603.03","Tiempos extras"
"codigo_agrupador_603_04","2","603.04","Premios de asistencia"
"codigo_agrupador_603_05","2","603.05","Premios de puntualidad"
"codigo_agrupador_603_06","2","603.06","Vacaciones"
"codigo_agrupador_603_07","2","603.07","Prima vacacional"
"codigo_agrupador_603_08","2","603.08","Prima dominical"
"codigo_agrupador_603_09","2","603.09","Días festivos"
"codigo_agrupador_603_10","2","603.10","Gratificaciones"
"codigo_agrupador_603_11","2","603.11","Primas de antigüedad"
"codigo_agrupador_603_12","2","603.12","Aguinaldo"
"codigo_agrupador_603_13","2","603.13","Indemnizaciones"
"codigo_agrupador_603_14","2","603.14","Destajo"
"codigo_agrupador_603_15","2","603.15","Despensa"
"codigo_agrupador_603_16","2","603.16","Transporte"
"codigo_agrupador_603_17","2","603.17","Servicio médico"
"codigo_agrupador_603_18","2","603.18","Ayuda en gastos funerarios"
"codigo_agrupador_603_19","2","603.19","Fondo de ahorro"
"codigo_agrupador_603_20","2","603.20","Cuotas sindicales"
"codigo_agrupador_603_21","2","603.21","PTU"
"codigo_agrupador_603_22","2","603.22","Estímulo al personal"
"codigo_agrupador_603_23","2","603.23","Previsión social"
"codigo_agrupador_603_24","2","603.24","Aportaciones para el plan de jubilación"
"codigo_agrupador_603_25","2","603.25","Otras prestaciones al personal"
"codigo_agrupador_603_26","2","603.26","Cuotas al IMSS"
"codigo_agrupador_603_27","2","603.27","Aportaciones al infonavit"
"codigo_agrupador_603_28","2","603.28","Aportaciones al SAR"
"codigo_agrupador_603_29","2","603.29","Impuesto estatal sobre nóminas"
"codigo_agrupador_603_30","2","603.30","Otras aportaciones"
"codigo_agrupador_603_31","2","603.31","Asimilados a salarios"
"codigo_agrupador_603_32","2","603.32","Servicios administrativos"
"codigo_agrupador_603_33","2","603.33","Servicios administrativos partes relacionadas"
"codigo_agrupador_603_34","2","603.34","Honorarios a personas físicas residentes nacionales"
"codigo_agrupador_603_35","2","603.35","Honorarios a personas físicas residentes nacionales partes relacionadas"
"codigo_agrupador_603_36","2","603.36","Honorarios a personas físicas residentes del extranjero"
"codigo_agrupador_603_37","2","603.37","Honorarios a personas físicas residentes del extranjero partes relacionadas"
"codigo_agrupador_603_38","2","603.38","Honorarios a personas morales residentes nacionales"
"codigo_agrupador_603_39","2","603.39","Honorarios a personas morales residentes nacionales partes relacionadas"
"codigo_agrupador_603_40","2","603.40","Honorarios a personas morales residentes del extranjero"
"codigo_agrupador_603_41","2","603.41","Honorarios a personas morales residentes del extranjero partes relacionadas"
"codigo_agrupador_603_42","2","603.42","Honorarios aduanales personas físicas"
"codigo_agrupador_603_43","2","603.43","Honorarios aduanales personas morales"
"codigo_agrupador_603_44","2","603.44","Honorarios al consejo de administración"
"codigo_agrupador_603_45","2","603.45","Arrendamiento a personas físicas residentes nacionales"
"codigo_agrupador_603_46","2","603.46","Arrendamiento a personas morales residentes nacionales"
"codigo_agrupador_603_47","2","603.47","Arrendamiento a residentes del extranjero"
"codigo_agrupador_603_48","2","603.48","Combustibles y lubricantes"
"codigo_agrupador_603_49","2","603.49","Viáticos y gastos de viaje"
"codigo_agrupador_603_50","2","603.50","Teléfono, internet"
"codigo_agrupador_603_51","2","603.51","Agua"
"codigo_agrupador_603_52","2","603.52","Energía eléctrica"
"codigo_agrupador_603_53","2","603.53","Vigilancia y seguridad"
"codigo_agrupador_603_54","2","603.54","Limpieza"
"codigo_agrupador_603_55","2","603.55","Papelería y artículos de oficina"
"codigo_agrupador_603_56","2","603.56","Mantenimiento y conservación"
"codigo_agrupador_603_57","2","603.57","Seguros y fianzas"
"codigo_agrupador_603_58","2","603.58","Otros impuestos y derechos"
"codigo_agrupador_603_59","2","603.59","Recargos fiscales"
"codigo_agrupador_603_60","2","603.60","Cuotas y suscripciones"
"codigo_agrupador_603_61","2","603.61","Propaganda y publicidad"
"codigo_agrupador_603_62","2","603.62","Capacitación al personal"
"codigo_agrupador_603_63","2","603.63","Donativos y ayudas"
"codigo_agrupador_603_64","2","603.64","Asistencia técnica"
"codigo_agrupador_603_65","2","603.65","Regalías sujetas a otros porcentajes"
"codigo_agrupador_603_66","2","603.66","Regalías sujetas al 5%"
"codigo_agrupador_603_67","2","603.67","Regalías sujetas al 10%"
"codigo_agrupador_603_68","2","603.68","Regalías sujetas al 15%"
"codigo_agrupador_603_69","2","603.69","Regalías sujetas al 25%"
"codigo_agrupador_603_70","2","603.70","Regalías sujetas al 30%"
"codigo_agrupador_603_71","2","603.71","Regalías sin retención"
"codigo_agrupador_603_72","2","603.72","Fletes y acarreos"
"codigo_agrupador_603_73","2","603.73","Gastos de importación"
"codigo_agrupador_603_74","2","603.74","Patentes y marcas"
"codigo_agrupador_603_75","2","603.75","Uniformes"
"codigo_agrupador_603_76","2","603.76","Prediales"
"codigo_agrupador_603_77","2","603.77","Gastos de administración de urbanización"
"codigo_agrupador_603_78","2","603.78","Gastos de administración de construcción"
"codigo_agrupador_603_79","2","603.79","Fletes del extranjero"
"codigo_agrupador_603_80","2","603.80","Recolección de bienes del sector agropecuario y/o ganadero"
"codigo_agrupador_603_81","2","603.81","Gastos no deducibles (sin requisitos fiscales)"
"codigo_agrupador_603_82","2","603.82","Otros gastos de administración"
"codigo_agrupador_604","1","604","Gastos de fabricación"
"codigo_agrupador_604_01","2","604.01","Sueldos y salarios"
"codigo_agrupador_604_02","2","604.02","Compensaciones"
"codigo_agrupador_604_03","2","604.03","Tiempos extras"
"codigo_agrupador_604_04","2","604.04","Premios de asistencia"
"codigo_agrupador_604_05","2","604.05","Premios de puntualidad"
"codigo_agrupador_604_06","2","604.06","Vacaciones"
"codigo_agrupador_604_07","2","604.07","Prima vacacional"
"codigo_agrupador_604_08","2","604.08","Prima dominical"
"codigo_agrupador_604_09","2","604.09","Días festivos"
"codigo_agrupador_604_10","2","604.10","Gratificaciones"
"codigo_agrupador_604_11","2","604.11","Primas de antigüedad"
"codigo_agrupador_604_12","2","604.12","Aguinaldo"
"codigo_agrupador_604_13","2","604.13","Indemnizaciones"
"codigo_agrupador_604_14","2","604.14","Destajo"
"codigo_agrupador_604_15","2","604.15","Despensa"
"codigo_agrupador_604_16","2","604.16","Transporte"
"codigo_agrupador_604_17","2","604.17","Servicio médico"
"codigo_agrupador_604_18","2","604.18","Ayuda en gastos funerarios"
"codigo_agrupador_604_19","2","604.19","Fondo de ahorro"
"codigo_agrupador_604_20","2","604.20","Cuotas sindicales"
"codigo_agrupador_604_21","2","604.21","PTU"
"codigo_agrupador_604_22","2","604.22","Estímulo al personal"
"codigo_agrupador_604_23","2","604.23","Previsión social"
"codigo_agrupador_604_24","2","604.24","Aportaciones para el plan de jubilación"
"codigo_agrupador_604_25","2","604.25","Otras prestaciones al personal"
"codigo_agrupador_604_26","2","604.26","Cuotas al IMSS"
"codigo_agrupador_604_27","2","604.27","Aportaciones al infonavit"
"codigo_agrupador_604_28","2","604.28","Aportaciones al SAR"
"codigo_agrupador_604_29","2","604.29","Impuesto estatal sobre nóminas"
"codigo_agrupador_604_30","2","604.30","Otras aportaciones"
"codigo_agrupador_604_31","2","604.31","Asimilados a salarios"
"codigo_agrupador_604_32","2","604.32","Servicios administrativos"
"codigo_agrupador_604_33","2","604.33","Servicios administrativos partes relacionadas"
"codigo_agrupador_604_34","2","604.34","Honorarios a personas físicas residentes nacionales"
"codigo_agrupador_604_35","2","604.35","Honorarios a personas físicas residentes nacionales partes relacionadas"
"codigo_agrupador_604_36","2","604.36","Honorarios a personas físicas residentes del extranjero"
"codigo_agrupador_604_37","2","604.37","Honorarios a personas físicas residentes del extranjero partes relacionadas"
"codigo_agrupador_604_38","2","604.38","Honorarios a personas morales residentes nacionales"
"codigo_agrupador_604_39","2","604.39","Honorarios a personas morales residentes nacionales partes relacionadas"
"codigo_agrupador_604_40","2","604.40","Honorarios a personas morales residentes del extranjero"
"codigo_agrupador_604_41","2","604.41","Honorarios a personas morales residentes del extranjero partes relacionadas"
"codigo_agrupador_604_42","2","604.42","Honorarios aduanales personas físicas"
"codigo_agrupador_604_43","2","604.43","Honorarios aduanales personas morales"
"codigo_agrupador_604_44","2","604.44","Honorarios al consejo de administración"
"codigo_agrupador_604_45","2","604.45","Arrendamiento a personas físicas residentes nacionales"
"codigo_agrupador_604_46","2","604.46","Arrendamiento a personas morales residentes nacionales"
"codigo_agrupador_604_47","2","604.47","Arrendamiento a residentes del extranjero"
"codigo_agrupador_604_48","2","604.48","Combustibles y lubricantes"
"codigo_agrupador_604_49","2","604.49","Viáticos y gastos de viaje"
"codigo_agrupador_604_50","2","604.50","Teléfono, internet"
"codigo_agrupador_604_51","2","604.51","Agua"
"codigo_agrupador_604_52","2","604.52","Energía eléctrica"
"codigo_agrupador_604_53","2","604.53","Vigilancia y seguridad"
"codigo_agrupador_604_54","2","604.54","Limpieza"
"codigo_agrupador_604_55","2","604.55","Papelería y artículos de oficina"
"codigo_agrupador_604_56","2","604.56","Mantenimiento y conservación"
"codigo_agrupador_604_57","2","604.57","Seguros y fianzas"
"codigo_agrupador_604_58","2","604.58","Otros impuestos y derechos"
"codigo_agrupador_604_59","2","604.59","Recargos fiscales"
"codigo_agrupador_604_60","2","604.60","Cuotas y suscripciones"
"codigo_agrupador_604_61","2","604.61","Propaganda y publicidad"
"codigo_agrupador_604_62","2","604.62","Capacitación al personal"
"codigo_agrupador_604_63","2","604.63","Donativos y ayudas"
"codigo_agrupador_604_64","2","604.64","Asistencia técnica"
"codigo_agrupador_604_65","2","604.65","Regalías sujetas a otros porcentajes"
"codigo_agrupador_604_66","2","604.66","Regalías sujetas al 5%"
"codigo_agrupador_604_67","2","604.67","Regalías sujetas al 10%"
"codigo_agrupador_604_68","2","604.68","Regalías sujetas al 15%"
"codigo_agrupador_604_69","2","604.69","Regalías sujetas al 25%"
"codigo_agrupador_604_70","2","604.70","Regalías sujetas al 30%"
"codigo_agrupador_604_71","2","604.71","Regalías sin retención"
"codigo_agrupador_604_72","2","604.72","Fletes y acarreos"
"codigo_agrupador_604_73","2","604.73","Gastos de importación"
"codigo_agrupador_604_74","2","604.74","Patentes y marcas"
"codigo_agrupador_604_75","2","604.75","Uniformes"
"codigo_agrupador_604_76","2","604.76","Prediales"
"codigo_agrupador_604_77","2","604.77","Gastos de fabricación de urbanización"
"codigo_agrupador_604_78","2","604.78","Gastos de fabricación de construcción"
"codigo_agrupador_604_79","2","604.79","Fletes del extranjero"
"codigo_agrupador_604_80","2","604.80","Recolección de bienes del sector agropecuario y/o ganadero"
"codigo_agrupador_604_81","2","604.81","Gastos no deducibles (sin requisitos fiscales)"
"codigo_agrupador_604_82","2","604.82","Otros gastos de fabricación"
"codigo_agrupador_605","1","605","Mano de obra directa"
"codigo_agrupador_605_01","2","605.01","Mano de obra"
"codigo_agrupador_605_02","2","605.02","Sueldos y Salarios"
"codigo_agrupador_605_03","2","605.03","Compensaciones"
"codigo_agrupador_605_04","2","605.04","Tiempos extras"
"codigo_agrupador_605_05","2","605.05","Premios de asistencia"
"codigo_agrupador_605_06","2","605.06","Premios de puntualidad"
"codigo_agrupador_605_07","2","605.07","Vacaciones"
"codigo_agrupador_605_08","2","605.08","Prima vacacional"
"codigo_agrupador_605_09","2","605.09","Prima dominical"
"codigo_agrupador_605_10","2","605.10","Días festivos"
"codigo_agrupador_605_11","2","605.11","Gratificaciones"
"codigo_agrupador_605_12","2","605.12","Primas de antigüedad"
"codigo_agrupador_605_13","2","605.13","Aguinaldo"
"codigo_agrupador_605_14","2","605.14","Indemnizaciones"
"codigo_agrupador_605_15","2","605.15","Destajo"
"codigo_agrupador_605_16","2","605.16","Despensa"
"codigo_agrupador_605_17","2","605.17","Transporte"
"codigo_agrupador_605_18","2","605.18","Servicio médico"
"codigo_agrupador_605_19","2","605.19","Ayuda en gastos funerarios"
"codigo_agrupador_605_20","2","605.20","Fondo de ahorro"
"codigo_agrupador_605_21","2","605.21","Cuotas sindicales"
"codigo_agrupador_605_22","2","605.22","PTU"
"codigo_agrupador_605_23","2","605.23","Estímulo al personal"
"codigo_agrupador_605_24","2","605.24","Previsión social"
"codigo_agrupador_605_25","2","605.25","Aportaciones para el plan de jubilación"
"codigo_agrupador_605_26","2","605.26","Otras prestaciones al personal"
"codigo_agrupador_605_27","2","605.27","Asimilados a salarios"
"codigo_agrupador_605_28","2","605.28","Cuotas al IMSS"
"codigo_agrupador_605_29","2","605.29","Aportaciones al infonavit"
"codigo_agrupador_605_30","2","605.30","Aportaciones al SAR"
"codigo_agrupador_605_31","2","605.31","Otros costos de mano de obra directa"
"codigo_agrupador_606","1","606","Facilidades administrativas fiscales"
"codigo_agrupador_606_01","2","606.01","Facilidades administrativas fiscales"
"codigo_agrupador_607","1","607","Participación de los trabajadores en las utilidades"
"codigo_agrupador_607_01","2","607.01","Participación de los trabajadores en las utilidades"
"codigo_agrupador_608","1","608","Participación en resultados de subsidiarias"
"codigo_agrupador_608_01","2","608.01","Participación en resultados de subsidiarias"
"codigo_agrupador_609","1","609","Participación en resultados de asociadas"
"codigo_agrupador_609_01","2","609.01","Participación en resultados de asociadas"
"codigo_agrupador_610","1","610","Participación de los trabajadores en las utilidades diferida"
"codigo_agrupador_610_01","2","610.01","Participación de los trabajadores en las utilidades diferida"
"codigo_agrupador_611","1","611","Impuesto Sobre la renta"
"codigo_agrupador_611_01","2","611.01","Impuesto Sobre la renta"
"codigo_agrupador_611_02","2","611.02","Impuesto Sobre la renta por remanente distribuible"
"codigo_agrupador_612","1","612","Gastos no deducibles para CUFIN"
"codigo_agrupador_612_01","2","612.01","Gastos no deducibles para CUFIN"
"codigo_agrupador_613","1","613","Depreciación contable"
"codigo_agrupador_613_01","2","613.01","Depreciación de edificios"
"codigo_agrupador_613_02","2","613.02","Depreciación de maquinaria y equipo"
"codigo_agrupador_613_03","2","613.03","Depreciación de automóviles, autobuses, camiones de carga, tractocamiones, montacargas y"
"codigo_agrupador_613_04","2","613.04","Depreciación de mobiliario y equipo de oficina"
"codigo_agrupador_613_05","2","613.05","Depreciación de equipo de cómputo"
"codigo_agrupador_613_06","2","613.06","Depreciación de equipo de comunicación"
"codigo_agrupador_613_07","2","613.07","Depreciación de activos biológicos, vegetales y semovientes"
"codigo_agrupador_613_08","2","613.08","Depreciación de otros activos fijos"
"codigo_agrupador_613_09","2","613.09","Depreciación de ferrocarriles"
"codigo_agrupador_613_10","2","613.10","Depreciación de embarcaciones"
"codigo_agrupador_613_11","2","613.11","Depreciación de aviones"
"codigo_agrupador_613_12","2","613.12","Depreciación de troqueles, moldes, matrices y herramental"
"codigo_agrupador_613_13","2","613.13","Depreciación de equipo de comunicaciones telefónicas"
"codigo_agrupador_613_14","2","613.14","Depreciación de equipo de comunicación satelital"
"codigo_agrupador_613_15","2","613.15","Depreciación de equipo de adaptaciones para personas con capacidades diferentes"
"codigo_agrupador_613_16","2","613.16","Depreciación de maquinaria y equipo de generación de energía de fuentes renovables o de"
"codigo_agrupador_613_17","2","613.17","Depreciación de adaptaciones y mejoras"
"codigo_agrupador_613_18","2","613.18","Depreciación de otra maquinaria y equipo"
"codigo_agrupador_614","1","614","Amortización contable"
"codigo_agrupador_614_01","2","614.01","Amortización de gastos diferidos"
"codigo_agrupador_614_02","2","614.02","Amortización de gastos pre operativos"
"codigo_agrupador_614_03","2","614.03","Amortización de regalías, asistencia técnica y otros gastos diferidos"
"codigo_agrupador_614_04","2","614.04","Amortización de activos intangibles"
"codigo_agrupador_614_05","2","614.05","Amortización de gastos de organización"
"codigo_agrupador_614_06","2","614.06","Amortización de investigación y desarrollo de mercado"
"codigo_agrupador_614_07","2","614.07","Amortización de marcas y patentes"
"codigo_agrupador_614_08","2","614.08","Amortización de crédito mercantil"
"codigo_agrupador_614_09","2","614.09","Amortización de gastos de instalación"
"codigo_agrupador_614_10","2","614.10","Amortización de otros activos diferidos"
"codigo_agrupador_701","1","701","Gastos financieros"
"codigo_agrupador_701_01","2","701.01","Pérdida cambiaria"
"codigo_agrupador_701_02","2","701.02","Pérdida cambiaria nacional parte relacionada"
"codigo_agrupador_701_03","2","701.03","Pérdida cambiaria extranjero parte relacionada"
"codigo_agrupador_701_04","2","701.04","Intereses a cargo bancario nacional"
"codigo_agrupador_701_05","2","701.05","Intereses a cargo bancario extranjero"
"codigo_agrupador_701_06","2","701.06","Intereses a cargo de personas físicas nacional"
"codigo_agrupador_701_07","2","701.07","Intereses a cargo de personas físicas extranjero"
"codigo_agrupador_701_08","2","701.08","Intereses a cargo de personas morales nacional"
"codigo_agrupador_701_09","2","701.09","Intereses a cargo de personas morales extranjero"
"codigo_agrupador_701_10","2","701.10","Comisiones bancarias"
"codigo_agrupador_701_11","2","701.11","Otros gastos financieros"
"codigo_agrupador_702","1","702","Productos financieros"
"codigo_agrupador_702_01","2","702.01","Utilidad cambiaria"
"codigo_agrupador_702_02","2","702.02","Utilidad cambiaria nacional parte relacionada"
"codigo_agrupador_702_03","2","702.03","Utilidad cambiaria extranjero parte relacionada"
"codigo_agrupador_702_04","2","702.04","Intereses a favor bancarios nacional"
"codigo_agrupador_702_05","2","702.05","Intereses a favor bancarios extranjero"
"codigo_agrupador_702_06","2","702.06","Intereses a favor de personas físicas nacional"
"codigo_agrupador_702_07","2","702.07","Intereses a favor de personas físicas extranjero"
"codigo_agrupador_702_08","2","702.08","Intereses a favor de personas morales nacional"
"codigo_agrupador_702_09","2","702.09","Intereses a favor de personas morales extranjero"
"codigo_agrupador_702_10","2","702.10","Otros productos financieros"
"codigo_agrupador_703","1","703","Otros gastos"
"codigo_agrupador_703_01","2","703.01","Pérdida en venta y/o baja de terrenos"
"codigo_agrupador_703_02","2","703.02","Pérdida en venta y/o baja de edificios"
"codigo_agrupador_703_03","2","703.03","Pérdida en venta y/o baja de maquinaria y equipo"
"codigo_agrupador_703_04","2","703.04","Pérdida en venta y/o baja de automóviles, autobuses, camiones de carga, tractocamiones,"
"codigo_agrupador_703_05","2","703.05","Pérdida en venta y/o baja de mobiliario y equipo de oficina"
"codigo_agrupador_703_06","2","703.06","Pérdida en venta y/o baja de equipo de cómputo"
"codigo_agrupador_703_07","2","703.07","Pérdida en venta y/o baja de equipo de comunicación"
"codigo_agrupador_703_08","2","703.08","Pérdida en venta y/o baja de activos biológicos, vegetales y semovientes"
"codigo_agrupador_703_09","2","703.09","Pérdida en venta y/o baja de otros activos fijos"
"codigo_agrupador_703_10","2","703.10","Pérdida en venta y/o baja de ferrocarriles"
"codigo_agrupador_703_11","2","703.11","Pérdida en venta y/o baja de embarcaciones"
"codigo_agrupador_703_12","2","703.12","Pérdida en venta y/o baja de aviones"
"codigo_agrupador_703_13","2","703.13","Pérdida en venta y/o baja de troqueles, moldes, matrices y herramental"
"codigo_agrupador_703_14","2","703.14","Pérdida en venta y/o baja de equipo de comunicaciones telefónicas"
"codigo_agrupador_703_15","2","703.15","Pérdida en venta y/o baja de equipo de comunicación satelital"
"codigo_agrupador_703_16","2","703.16","Pérdida en venta y/o baja de equipo de adaptaciones para personas con capacidades diferentes"
"codigo_agrupador_703_17","2","703.17","Pérdida en venta y/o baja de maquinaria y equipo de generación de energía de fuentes"
"codigo_agrupador_703_18","2","703.18","Pérdida en venta y/o baja de otra maquinaria y equipo"
"codigo_agrupador_703_19","2","703.19","Pérdida por enajenación de acciones"
"codigo_agrupador_703_20","2","703.20","Pérdida por enajenación de partes sociales"
"codigo_agrupador_703_21","2","703.21","Otros gastos"
"codigo_agrupador_704","1","704","Otros productos"
"codigo_agrupador_704_01","2","704.01","Ganancia en venta y/o baja de terrenos"
"codigo_agrupador_704_02","2","704.02","Ganancia en venta y/o baja de edificios"
"codigo_agrupador_704_03","2","704.03","Ganancia en venta y/o baja de maquinaria y equipo"
"codigo_agrupador_704_04","2","704.04","Ganancia en venta y/o baja de automóviles, autobuses, camiones de carga, tractocamiones,"
"codigo_agrupador_704_05","2","704.05","Ganancia en venta y/o baja de mobiliario y equipo de oficina"
"codigo_agrupador_704_06","2","704.06","Ganancia en venta y/o baja de equipo de cómputo"
"codigo_agrupador_704_07","2","704.07","Ganancia en venta y/o baja de equipo de comunicación"
"codigo_agrupador_704_08","2","704.08","Ganancia en venta y/o baja de activos biológicos, vegetales y semovientes"
"codigo_agrupador_704_09","2","704.09","Ganancia en venta y/o baja de otros activos fijos"
"codigo_agrupador_704_10","2","704.10","Ganancia en venta y/o baja de ferrocarriles"
"codigo_agrupador_704_11","2","704.11","Ganancia en venta y/o baja de embarcaciones"
"codigo_agrupador_704_12","2","704.12","Ganancia en venta y/o baja de aviones"
"codigo_agrupador_704_13","2","704.13","Ganancia en venta y/o baja de troqueles, moldes, matrices y herramental"
"codigo_agrupador_704_14","2","704.14","Ganancia en venta y/o baja de equipo de comunicaciones telefónicas"
"codigo_agrupador_704_15","2","704.15","Ganancia en venta y/o baja de equipo de comunicación satelital"
"codigo_agrupador_704_16","2","704.16","Ganancia en venta y/o baja de equipo de adaptaciones para personas con capacidades"
"codigo_agrupador_704_17","2","704.17","Ganancia en venta de maquinaria y equipo de generación de energía de fuentes renovables o de"
"codigo_agrupador_704_18","2","704.18","Ganancia en venta y/o baja de otra maquinaria y equipo"
"codigo_agrupador_704_19","2","704.19","Ganancia por enajenación de acciones"
"codigo_agrupador_704_20","2","704.20","Ganancia por enajenación de partes sociales"
"codigo_agrupador_704_21","2","704.21","Ingresos por estímulos fiscales"
"codigo_agrupador_704_22","2","704.22","Ingresos por condonación de adeudo"
"codigo_agrupador_704_23","2","704.23","Otros productos"
"codigo_agrupador_801","1","801","UFIN del ejercicio"
"codigo_agrupador_801_01","2","801.01","UFIN"
"codigo_agrupador_801_02","2","801.02","Contra cuenta UFIN"
"codigo_agrupador_802","1","802","CUFIN del ejercicio"
"codigo_agrupador_802_01","2","802.01","CUFIN"
"codigo_agrupador_802_02","2","802.02","Contra cuenta CUFIN"
"codigo_agrupador_803","1","803","CUFIN de ejercicios anteriores"
"codigo_agrupador_803_01","2","803.01","CUFIN de ejercicios anteriores"
"codigo_agrupador_803_02","2","803.02","Contra cuenta CUFIN de ejercicios anteriores"
"codigo_agrupador_804","1","804","CUFINRE del ejercicio"
"codigo_agrupador_804_01","2","804.01","CUFINRE"
"codigo_agrupador_804_02","2","804.02","Contra cuenta CUFINRE"
"codigo_agrupador_805","1","805","CUFINRE de ejercicios anteriores"
"codigo_agrupador_805_01","2","805.01","CUFINRE de ejercicios anteriores"
"codigo_agrupador_805_02","2","805.02","Contra cuenta CUFINRE de ejercicios anteriores"
"codigo_agrupador_806","1","806","CUCA del ejercicio"
"codigo_agrupador_806_01","2","806.01","CUCA"
"codigo_agrupador_806_02","2","806.02","Contra cuenta CUCA"
"codigo_agrupador_807","1","807","CUCA de ejercicios anteriores"
"codigo_agrupador_807_01","2","807.01","CUCA de ejercicios anteriores"
"codigo_agrupador_807_02","2","807.02","Contra cuenta CUCA de ejercicios anteriores"
"codigo_agrupador_808","1","808","Ajuste anual por inflación acumulable"
"codigo_agrupador_808_01","2","808.01","Ajuste anual por inflación acumulable"
"codigo_agrupador_808_02","2","808.02","Acumulación del ajuste anual inflacionario"
"codigo_agrupador_809","1","809","Ajuste anual por inflación deducible"
"codigo_agrupador_809_01","2","809.01","Ajuste anual por inflación deducible"
"codigo_agrupador_809_02","2","809.02","Deducción del ajuste anual inflacionario"
"codigo_agrupador_810","1","810","Deducción de inversión"
"codigo_agrupador_810_01","2","810.01","Deducción de inversión"
"codigo_agrupador_810_02","2","810.02","Contra cuenta deducción de inversiones"
"codigo_agrupador_811","1","811","Utilidad o pérdida fiscal en venta y/o baja de activo fijo"
"codigo_agrupador_811_01","2","811.01","Utilidad o pérdida fiscal en venta y/o baja de activo fijo"
"codigo_agrupador_811_02","2","811.02","Contra cuenta utilidad o pérdida fiscal en venta y/o baja de activo fijo"
"codigo_agrupador_812","1","812","Utilidad o pérdida fiscal en venta acciones o partes sociales"
"codigo_agrupador_812_01","2","812.01","Utilidad o pérdida fiscal en venta acciones o partes sociales"
"codigo_agrupador_812_02","2","812.02","Contra cuenta utilidad o pérdida fiscal en venta acciones o partes sociales"
"codigo_agrupador_813","1","813","Pérdidas fiscales pendientes de amortizar actualizadas de ejercicios anteriores"
"codigo_agrupador_813_01","2","813.01","Pérdidas fiscales pendientes de amortizar actualizadas de ejercicios anteriores"
"codigo_agrupador_813_02","2","813.02","Actualización de pérdidas fiscales pendientes de amortizar de ejercicios anteriores"
"codigo_agrupador_814","1","814","Mercancías recibidas en consignación"
"codigo_agrupador_814_01","2","814.01","Mercancías recibidas en consignación"
"codigo_agrupador_814_02","2","814.02","Consignación de mercancías recibidas"
"codigo_agrupador_815","1","815","Crédito fiscal de IVA e IEPS por la importación de mercancías para empresas certificadas"
"codigo_agrupador_815_01","2","815.01","Crédito fiscal de IVA e IEPS por la importación de mercancías"
"codigo_agrupador_815_02","2","815.02","Importación de mercancías con aplicación de crédito fiscal de IVA e IEPS"
"codigo_agrupador_816","1","816","Crédito fiscal de IVA e IEPS por la importación de activos fijos para empresas certificadas"
"codigo_agrupador_816_01","2","816.01","Crédito fiscal de IVA e IEPS por la importación de activo fijo"
"codigo_agrupador_816_02","2","816.02","Importación de activo fijo con aplicación de crédito fiscal de IVA e IEPS"
"codigo_agrupador_899","1","899","Otras cuentas de orden"
"codigo_agrupador_899_01","2","899.01","Otras cuentas de orden"
"codigo_agrupador_899_02","2","899.02","Contra cuenta otras cuentas de orden"
"codigo_agrupador_200","","200","Pasivo"
"codigo_agrupador_200_01","","200.01","Pasivo a corto plazo"
"codigo_agrupador_200_02","","200.02","Pasivo a largo plazo"
"codigo_agrupador_400","","400","Ingresos"
"codigo_agrupador_500","","500","Costos"
"codigo_agrupador_505_1","2","505.1","Costo por venta de Activo Fijo"
"codigo_agrupador_505_2","2","505.2","Costo por baja de Activo Fijo"
"codigo_agrupador_600","","600","Gastos"
﻿"codigo_agrupador_700","","700","Resultado integral de financiamiento"
﻿"codigo_agrupador_800","","800","Cuentas de orden"
"codigo_agrupador_100_02","","100.02","Activo a largo Plazo"
"codigo_agrupador_300","","300","Capital contable"
